{
    "MAE": 0.9781069919598048,
    "MSE": 1.293037358743433,
    "RMSE": 1.1371180056368086,
    "R2": 0.010223591086948036
}