Model,MAE,RMSE,R2
Linear Regression,0.978106991959805,1.1371180056368086,0.010223591086947703
Default RF,0.9620527839877168,1.1661317068466532,-0.04092930011119056
Tuned RF,0.966425237938501,1.1649280125758343,-0.03878149130454389
